"Id","Path","Slice Name","Alias(s)","Label","Min","Max","Must Support?","Is Modifier?","Is Summary?","Type(s)","Short","Definition","Comments","Requirements","Default Value","Meaning When Missing","Fixed Value","Pattern","Example","Minimum Value","Maximum Value","Maximum Length","Binding Strength","Binding Description","Binding Value Set","Code","Slicing Discriminator","Slicing Description","Slicing Ordered","Slicing Rules","Base Path","Base Min","Base Max","Condition(s)","Constraint(s)"
"ReconciliationAct","ReconciliationAct","","","",0,*,"","","","null {[]} {[]}
","Reconciliation Act","An act of reconciling plan elements","","","","","","","","","",,,,,"",,,,"Base",0,*,"",""
"ReconciliationAct.refersTo","ReconciliationAct.refersTo","","","",1,1,"","","","Reference {[]} {[CanonicalType[http://hl7.org/fhir/StructureDefinition/Patient]]}
","The patient this plan element pertains to","The patient this plan element pertains to","","","","","","","","","",,,,,"",,,,"PlanElement.refersTo",1,1,"",""
"ReconciliationAct.hasAuthor","ReconciliationAct.hasAuthor","","","",1,*,"","","","Reference {[]} {[CanonicalType[http://hl7.org/dam/StructureDefinition/CareTeamMember]]}
","Who authored this plan element","Who authored this plan element","","","","","","","","","",,,,,"",,,,"PlanElement.hasAuthor",1,*,"",""
"ReconciliationAct.contains","ReconciliationAct.contains","","","",0,1,"","","","Reference {[]} {[CanonicalType[http://hl7.org/dam/StructureDefinition/CarePlanManifestation]]}
","The care plan manifestation containing this element","The care plan manifestation containing this element","","","","","","","","","",,,,,"",,,,"PlanElement.contains",0,1,"",""
"ReconciliationAct.role","ReconciliationAct.role","","","",1,1,"","","","string {[]} {[]}
","Role in the reconciliation","Role in the reconciliation","","","","","","","","","",,,,,"",,,,"ReconciliationAct.role",1,1,"",""
"ReconciliationAct.note","ReconciliationAct.note","","","",1,1,"","","","string {[]} {[]}
","Notes about the reconciliation act","Notes about the reconciliation act","","","","","","","","","",,,,,"",,,,"ReconciliationAct.note",1,1,"",""
