"Id","Path","Slice Name","Alias(s)","Label","Min","Max","Must Support?","Is Modifier?","Is Summary?","Type(s)","Short","Definition","Comments","Requirements","Default Value","Meaning When Missing","Fixed Value","Pattern","Example","Minimum Value","Maximum Value","Maximum Length","Binding Strength","Binding Description","Binding Value Set","Code","Slicing Discriminator","Slicing Description","Slicing Ordered","Slicing Rules","Base Path","Base Min","Base Max","Condition(s)","Constraint(s)"
"PlanDefinition","PlanDefinition","","","",0,*,"","","","null {[]} {[]}
","Plan Definition","A definition or template for care plans","","","","","","","","","",,,,,"",,,,"Base",0,*,"",""
"PlanDefinition.name","PlanDefinition.name","","","",1,1,"","","","code {[]} {[]}
","Name of the plan definition","Name of the plan definition","","","","","","","","","",,"required","","http://hl7.org/dam/ValueSet/plan-definition-vs","",,,,"PlanDefinition.name",1,1,"",""
"PlanDefinition.version","PlanDefinition.version","","","",1,1,"","","","string {[]} {[]}
","Version of the definition","Version of the definition","","","","","","","","","",,,,,"",,,,"PlanDefinition.version",1,1,"",""
"PlanDefinition.url","PlanDefinition.url","","","",1,1,"","","","url {[]} {[]}
","URL for the definition","URL for the definition","","","","","","","","","",,,,,"",,,,"PlanDefinition.url",1,1,"",""
