"Id","Path","Slice Name","Alias(s)","Label","Min","Max","Must Support?","Is Modifier?","Is Summary?","Type(s)","Short","Definition","Comments","Requirements","Default Value","Meaning When Missing","Fixed Value","Pattern","Example","Minimum Value","Maximum Value","Maximum Length","Binding Strength","Binding Description","Binding Value Set","Code","Slicing Discriminator","Slicing Description","Slicing Ordered","Slicing Rules","Base Path","Base Min","Base Max","Condition(s)","Constraint(s)"
"Barrier","Barrier","","","",0,*,"","","","null {[]} {[]}
","Barrier","A barrier that impedes progress toward goals or planned activities","","","","","","","","","",,,,,"",,,,"Base",0,*,"",""
"Barrier.refersTo","Barrier.refersTo","","","",1,1,"","","","Reference {[]} {[CanonicalType[http://hl7.org/fhir/StructureDefinition/Patient]]}
","The patient this plan element pertains to","The patient this plan element pertains to","","","","","","","","","",,,,,"",,,,"PlanElement.refersTo",1,1,"",""
"Barrier.hasAuthor","Barrier.hasAuthor","","","",1,*,"","","","Reference {[]} {[CanonicalType[http://hl7.org/dam/StructureDefinition/CareTeamMember]]}
","Who authored this plan element","Who authored this plan element","","","","","","","","","",,,,,"",,,,"PlanElement.hasAuthor",1,*,"",""
"Barrier.contains","Barrier.contains","","","",0,1,"","","","Reference {[]} {[CanonicalType[http://hl7.org/dam/StructureDefinition/CarePlanManifestation]]}
","The care plan manifestation containing this element","The care plan manifestation containing this element","","","","","","","","","",,,,,"",,,,"PlanElement.contains",0,1,"",""
"Barrier.barrier","Barrier.barrier","","","",1,1,"","","","CodeableConcept {[]} {[]}
","The type of barrier","The type of barrier","","","","","","","","","",,,,,"",,,,"Barrier.barrier",1,1,"",""
"Barrier.comment","Barrier.comment","","","",1,1,"","","","string {[]} {[]}
","Additional comments about the barrier","Additional comments about the barrier","","","","","","","","","",,,,,"",,,,"Barrier.comment",1,1,"",""
"Barrier.impedesGoal","Barrier.impedesGoal","","","",1,*,"","","","Reference {[]} {[CanonicalType[http://hl7.org/dam/StructureDefinition/Goal]]}
","Goals impeded by this barrier","Goals impeded by this barrier","","","","","","","","","",,,,,"",,,,"Barrier.impedesGoal",1,*,"",""
"Barrier.impedesActivity","Barrier.impedesActivity","","","",1,*,"","","","Reference {[]} {[CanonicalType[http://hl7.org/dam/StructureDefinition/PlannedActivity]]}
","Activities impeded by this barrier","Activities impeded by this barrier","","","","","","","","","",,,,,"",,,,"Barrier.impedesActivity",1,*,"",""
