"Id","Path","Slice Name","Alias(s)","Label","Min","Max","Must Support?","Is Modifier?","Is Summary?","Type(s)","Short","Definition","Comments","Requirements","Default Value","Meaning When Missing","Fixed Value","Pattern","Example","Minimum Value","Maximum Value","Maximum Length","Binding Strength","Binding Description","Binding Value Set","Code","Slicing Discriminator","Slicing Description","Slicing Ordered","Slicing Rules","Base Path","Base Min","Base Max","Condition(s)","Constraint(s)"
"ResourceRequirement","ResourceRequirement","","","",0,*,"","","","null {[]} {[]}
","Resource Requirement","A requirement for resources to perform an activity","","","","","","","","","",,,,,"",,,,"Base",0,*,"",""
"ResourceRequirement.refersTo","ResourceRequirement.refersTo","","","",1,1,"","","","Reference {[]} {[CanonicalType[http://hl7.org/fhir/StructureDefinition/Patient]]}
","The patient this plan element pertains to","The patient this plan element pertains to","","","","","","","","","",,,,,"",,,,"PlanElement.refersTo",1,1,"",""
"ResourceRequirement.hasAuthor","ResourceRequirement.hasAuthor","","","",1,*,"","","","Reference {[]} {[CanonicalType[http://hl7.org/dam/StructureDefinition/CareTeamMember]]}
","Who authored this plan element","Who authored this plan element","","","","","","","","","",,,,,"",,,,"PlanElement.hasAuthor",1,*,"",""
"ResourceRequirement.contains","ResourceRequirement.contains","","","",0,1,"","","","Reference {[]} {[CanonicalType[http://hl7.org/dam/StructureDefinition/CarePlanManifestation]]}
","The care plan manifestation containing this element","The care plan manifestation containing this element","","","","","","","","","",,,,,"",,,,"PlanElement.contains",0,1,"",""
"ResourceRequirement.kind","ResourceRequirement.kind","","","",1,1,"","","","CodeableConcept {[]} {[]}
","Type of resource required","Type of resource required","","","","","","","","","",,,,,"",,,,"ResourceRequirement.kind",1,1,"",""
"ResourceRequirement.quantity","ResourceRequirement.quantity","","","",1,1,"","","","Quantity {[]} {[]}
","Quantity required","Quantity required","","","","","","","","","",,,,,"",,,,"ResourceRequirement.quantity",1,1,"",""
