"Id","Path","Slice Name","Alias(s)","Label","Min","Max","Must Support?","Is Modifier?","Is Summary?","Type(s)","Short","Definition","Comments","Requirements","Default Value","Meaning When Missing","Fixed Value","Pattern","Example","Minimum Value","Maximum Value","Maximum Length","Binding Strength","Binding Description","Binding Value Set","Code","Slicing Discriminator","Slicing Description","Slicing Ordered","Slicing Rules","Base Path","Base Min","Base Max","Condition(s)","Constraint(s)"
"Revisable","Revisable","","","",0,*,"","","","null {[]} {[]}
","Revisable","Abstract pattern for elements that can be revised over time","","","","","","","","","",,,,,"",,,,"Base",0,*,"",""
"Revisable.substantive","Revisable.substantive","","","",1,1,"","","","code {[]} {[]}
","Whether the revision is substantive","Whether the revision is substantive","","","","","","","","","",,,,,"",,,,"Revisable.substantive",1,1,"",""
"Revisable.revisionDate","Revisable.revisionDate","","","",1,1,"","","","dateTime {[]} {[]}
","Date of this revision","Date of this revision","","","","","","","","","",,,,,"",,,,"Revisable.revisionDate",1,1,"",""
"Revisable.version","Revisable.version","","","",1,1,"","","","integer {[]} {[]}
","Version number","Version number","","","","","","","","","",,,,,"",,,,"Revisable.version",1,1,"",""
"Revisable.revises","Revisable.revises","","","",0,1,"","","","Reference {[]} {[CanonicalType[http://hl7.org/dam/StructureDefinition/Revisable]]}
","Previous version being revised","Previous version being revised","","","","","","","","","",,,,,"",,,,"Revisable.revises",0,1,"",""
"Revisable.basedOn","Revisable.basedOn","","","",0,*,"","","","Reference {[]} {[CanonicalType[http://hl7.org/dam/StructureDefinition/Review]]}
","Reviews that informed this revision","Reviews that informed this revision","","","","","","","","","",,,,,"",,,,"Revisable.basedOn",0,*,"",""
