"Id","Path","Slice Name","Alias(s)","Label","Min","Max","Must Support?","Is Modifier?","Is Summary?","Type(s)","Short","Definition","Comments","Requirements","Default Value","Meaning When Missing","Fixed Value","Pattern","Example","Minimum Value","Maximum Value","Maximum Length","Binding Strength","Binding Description","Binding Value Set","Code","Slicing Discriminator","Slicing Description","Slicing Ordered","Slicing Rules","Base Path","Base Min","Base Max","Condition(s)","Constraint(s)"
"ReconciliationLog","ReconciliationLog","","","",0,*,"","","","null {[]} {[]}
","Reconciliation Log","A log of reconciliation activities. Reconciliation merges versions of a plan maintained in different places or merges diverse specific plans into overarching plans.","","","","","","","","","",,,,,"",,,,"Base",0,*,"",""
"ReconciliationLog.refersTo","ReconciliationLog.refersTo","","","",1,1,"","","","Reference {[]} {[CanonicalType[http://hl7.org/fhir/StructureDefinition/Patient]]}
","The patient this plan element pertains to","The patient this plan element pertains to","","","","","","","","","",,,,,"",,,,"PlanElement.refersTo",1,1,"",""
"ReconciliationLog.hasAuthor","ReconciliationLog.hasAuthor","","","",1,*,"","","","Reference {[]} {[CanonicalType[http://hl7.org/dam/StructureDefinition/CareTeamMember]]}
","Who authored this plan element","Who authored this plan element","","","","","","","","","",,,,,"",,,,"PlanElement.hasAuthor",1,*,"",""
"ReconciliationLog.contains","ReconciliationLog.contains","","","",0,1,"","","","Reference {[]} {[CanonicalType[http://hl7.org/dam/StructureDefinition/CarePlanManifestation]]}
","The care plan manifestation containing this element","The care plan manifestation containing this element","","","","","","","","","",,,,,"",,,,"PlanElement.contains",0,1,"",""
"ReconciliationLog.date","ReconciliationLog.date","","","",1,1,"","","","dateTime {[]} {[]}
","Date of the reconciliation","Date of the reconciliation","","","","","","","","","",,,,,"",,,,"ReconciliationLog.date",1,1,"",""
"ReconciliationLog.notes","ReconciliationLog.notes","","","",1,1,"","","","string {[]} {[]}
","Notes about the reconciliation","Notes about the reconciliation","","","","","","","","","",,,,,"",,,,"ReconciliationLog.notes",1,1,"",""
"ReconciliationLog.aggregates","ReconciliationLog.aggregates","","","",1,*,"","","","Reference {[]} {[CanonicalType[http://hl7.org/dam/StructureDefinition/CarePlanManifestation]]}
","Care plan manifestations being aggregated","Care plan manifestations being aggregated","","","","","","","","","",,,,,"",,,,"ReconciliationLog.aggregates",1,*,"",""
"ReconciliationLog.uses","ReconciliationLog.uses","","","",1,*,"","","","Reference {[]} {[CanonicalType[http://hl7.org/dam/StructureDefinition/ReconciliationAct]]}
","Reconciliation acts used","Reconciliation acts used","","","","","","","","","",,,,,"",,,,"ReconciliationLog.uses",1,*,"",""
"ReconciliationLog.informs","ReconciliationLog.informs","","","",1,1,"","","","Reference {[]} {[CanonicalType[http://hl7.org/dam/StructureDefinition/CarePlanManifestation]]}
","Resulting care plan manifestation","Resulting care plan manifestation","","","","","","","","","",,,,,"",,,,"ReconciliationLog.informs",1,1,"",""
