{
  "resourceType" : "CodeSystem",
  "id" : "careplan-purpose-cs",
  "text" : {
    "status" : "generated",
    "div" : "<div xmlns=\"http://www.w3.org/1999/xhtml\"><p class=\"res-header-id\"><b>Generated Narrative: CodeSystem careplan-purpose-cs</b></p><a name=\"careplan-purpose-cs\"> </a><a name=\"hccareplan-purpose-cs\"> </a><p>This  code system <code>http://hl7.org/dam/CodeSystem/careplan-purpose-cs</code> defines the following codes:</p><table class=\"codes\"><tr><td style=\"white-space:nowrap\"><b>Code</b></td><td><b>Display</b></td></tr><tr><td style=\"white-space:nowrap\">home-health<a name=\"careplan-purpose-cs-home-health\"> </a></td><td>Home health plan</td></tr><tr><td style=\"white-space:nowrap\">trauma-rehabilitation<a name=\"careplan-purpose-cs-trauma-rehabilitation\"> </a></td><td>Trauma rehabilitation plan</td></tr><tr><td style=\"white-space:nowrap\">cardiac-rehabilitation<a name=\"careplan-purpose-cs-cardiac-rehabilitation\"> </a></td><td>Cardiac care plan</td></tr><tr><td style=\"white-space:nowrap\">diabetes-management<a name=\"careplan-purpose-cs-diabetes-management\"> </a></td><td>Diabetes management plan</td></tr><tr><td style=\"white-space:nowrap\">aggregated-plan<a name=\"careplan-purpose-cs-aggregated-plan\"> </a></td><td>Aggregated care plan</td></tr><tr><td style=\"white-space:nowrap\">query<a name=\"careplan-purpose-cs-query\"> </a></td><td>Query-based care plan</td></tr></table></div>"
  },
  "url" : "http://hl7.org/dam/CodeSystem/careplan-purpose-cs",
  "version" : "0.1.0",
  "name" : "CarePlanPurposeCS",
  "title" : "Care Plan Purpose",
  "status" : "draft",
  "date" : "2025-10-03T17:37:02-04:00",
  "publisher" : "Patient Care WG",
  "contact" : [{
    "name" : "Patient Care WG",
    "telecom" : [{
      "system" : "url",
      "value" : "https://www.hl7.org/Special/committees/patientcare"
    }]
  }],
  "description" : "Types of purposes for care plans",
  "content" : "complete",
  "count" : 6,
  "concept" : [{
    "code" : "home-health",
    "display" : "Home health plan"
  },
  {
    "code" : "trauma-rehabilitation",
    "display" : "Trauma rehabilitation plan"
  },
  {
    "code" : "cardiac-rehabilitation",
    "display" : "Cardiac care plan"
  },
  {
    "code" : "diabetes-management",
    "display" : "Diabetes management plan"
  },
  {
    "code" : "aggregated-plan",
    "display" : "Aggregated care plan"
  },
  {
    "code" : "query",
    "display" : "Query-based care plan"
  }]
}