{
  "codeSystems" : [
    {
      "url" : "http://hl7.org/dam/CodeSystem/careplan-purpose-cs",
      "version" : "0.1.0",
      "status" : "draft",
      "name" : "CarePlanPurposeCS",
      "title" : "Care Plan Purpose",
      "description" : "Types of purposes for care plans",
      "uses" : {
      },
      "ValueSet-careplan-purpose-vs.html" : "Care Plan Purpose Value Set"
    },
    {
      "url" : "http://hl7.org/dam/CodeSystem/careplan-specification-type-cs",
      "version" : "0.1.0",
      "status" : "draft",
      "name" : "CarePlanSpecificationTypeCS",
      "title" : "Care Plan Specification Type",
      "description" : "Types of specifications for care plans.",
      "uses" : {
      },
      "ValueSet-careplan-specification-type-vs.html" : "Care Plan Specification Type Value Set"
    },
    {
      "url" : "http://hl7.org/dam/CodeSystem/careplan-status-cs",
      "version" : "0.1.0",
      "status" : "draft",
      "name" : "CarePlanStatusCS",
      "title" : "Care Plan Status",
      "description" : "Statuses for care plans",
      "uses" : {
      },
      "ValueSet-careplan-status-vs.html" : "Care Plan Status Value Set"
    }
  ]
}
