<?xml version="1.0" encoding="UTF-8"?>

<ValueSet xmlns="http://hl7.org/fhir">
  <id value="careplan-specification-type-vs"/>
  <text>
    <status value="generated"/><div xmlns="http://www.w3.org/1999/xhtml"><p class="res-header-id"><b>Generated Narrative: ValueSet careplan-specification-type-vs</b></p><a name="careplan-specification-type-vs"> </a><a name="hccareplan-specification-type-vs"> </a><ul><li>Include all codes defined in <a href="CodeSystem-careplan-specification-type-cs.html"><code>http://hl7.org/dam/CodeSystem/careplan-specification-type-cs</code></a> version <span title="Version is not explicitly stated, which means it is fixed to the version provided in this specification">&#x1F4E6;0.1.0</span></li></ul></div>
  </text>
  <url value="http://hl7.org/dam/ValueSet/careplan-specification-type-vs"/>
  <version value="0.1.0"/>
  <name value="CarePlanSpecificationTypeVS"/>
  <title value="Care Plan Specification Type Value Set"/>
  <status value="draft"/>
  <date value="2025-10-03T17:37:02-04:00"/>
  <publisher value="Patient Care WG"/>
  <contact>
    <name value="Patient Care WG"/>
    <telecom>
      <system value="url"/>
      <value value="https://www.hl7.org/Special/committees/patientcare"/>
    </telecom>
  </contact>
  <description value="A value set for care plan specification types."/>
  <compose>
    <include>
      <system value="http://hl7.org/dam/CodeSystem/careplan-specification-type-cs"/>
    </include>
  </compose>
</ValueSet>