{
  "codeSystems" : [
    {
      "url" : "http://hl7.org/dam/ValueSet/careplan-purpose-vs",
      "version" : "0.1.0",
      "status" : "draft",
      "name" : "CarePlanPurposeVS",
      "title" : "Care Plan Purpose Value Set",
      "description" : "A value set for care plan purposes",
      "systems" : ["http://hl7.org/dam/CodeSystem/careplan-purpose-cs"],
      "uses" : {
      },
      "StructureDefinition-careplan-logical-model.html" : "CarePlan Logical Model"
    },
    {
      "url" : "http://hl7.org/dam/ValueSet/careplan-specification-type-vs",
      "version" : "0.1.0",
      "status" : "draft",
      "name" : "CarePlanSpecificationTypeVS",
      "title" : "Care Plan Specification Type Value Set",
      "description" : "A value set for care plan specification types.",
      "systems" : [
        "http://hl7.org/dam/CodeSystem/careplan-specification-type-cs"
      ],
      "uses" : {
      },
      "StructureDefinition-careplan-logical-model.html" : "CarePlan Logical Model"
    },
    {
      "url" : "http://hl7.org/dam/ValueSet/careplan-status-vs",
      "version" : "0.1.0",
      "status" : "draft",
      "name" : "CarePlanStatusVS",
      "title" : "Care Plan Status Value Set",
      "description" : "A value set for care plan statuses.",
      "systems" : ["http://hl7.org/dam/CodeSystem/careplan-status-cs"],
      "uses" : {
      },
      "StructureDefinition-careplan-logical-model.html" : "CarePlan Logical Model"
    }
  ]
}
