{
  "codeSystems" : [
    {
      "url" : "http://hl7.org/dam/ValueSet/careplan-purpose-vs",
      "version" : "0.1.0",
      "status" : "draft",
      "name" : "CarePlanPurposeVS",
      "title" : "Care Plan Purpose Value Set",
      "description" : "A value set for care plan purposes",
      "systems" : ["http://hl7.org/dam/CodeSystem/careplan-purpose-cs"],
      "uses" : {
      },
      "StructureDefinition-careplan-logical-model.html" : "CarePlan Logical Model"
    },
    {
      "url" : "http://hl7.org/dam/ValueSet/careplan-specification-type-vs",
      "version" : "0.1.0",
      "status" : "draft",
      "name" : "CarePlanSpecificationTypeVS",
      "title" : "Care Plan Specification Type Value Set",
      "description" : "A value set for care plan specification types.",
      "systems" : [
        "http://hl7.org/dam/CodeSystem/careplan-specification-type-cs"
      ],
      "uses" : {
      },
      "StructureDefinition-careplan-logical-model.html" : "CarePlan Logical Model"
    },
    {
      "url" : "http://hl7.org/dam/ValueSet/careplan-status-vs",
      "version" : "0.1.0",
      "status" : "draft",
      "name" : "CarePlanStatusVS",
      "title" : "Care Plan Status Value Set",
      "description" : "A value set for care plan statuses.",
      "systems" : ["http://hl7.org/dam/CodeSystem/careplan-status-cs"],
      "uses" : {
      },
      "StructureDefinition-careplan-logical-model.html" : "CarePlan Logical Model"
    },
    {
      "url" : "http://hl7.org/fhir/ValueSet/administrative-gender",
      "version" : "4.0.1",
      "status" : "active",
      "name" : "AdministrativeGender",
      "title" : "AdministrativeGender",
      "description" : "The gender of a person used for administrative purposes.",
      "systems" : ["http://hl7.org/fhir/administrative-gender"],
      "oids" : ["2.16.840.1.113883.4.642.3.1"],
      "sources" : ["2.16.840.1.113883.4.642.3.1"],
      "uses" : {
      },
      "StructureDefinition-CPDPatient.html" : "CPDPatient"
    },
    {
      "url" : "http://hl7.org/fhir/ValueSet/languages",
      "version" : "4.0.1",
      "status" : "draft",
      "name" : "CommonLanguages",
      "title" : "Common Languages",
      "description" : "This value set includes common codes from BCP-47 (http://tools.ietf.org/html/bcp47)",
      "systems" : ["urn:ietf:bcp:47"],
      "oids" : ["2.16.840.1.113883.4.642.3.20"],
      "sources" : ["2.16.840.1.113883.4.642.3.20"],
      "uses" : {
      },
      "StructureDefinition-CPDPatient.html" : "CPDPatient"
    },
    {
      "url" : "http://hl7.org/fhir/ValueSet/link-type",
      "version" : "4.0.1",
      "status" : "active",
      "name" : "LinkType",
      "title" : "LinkType",
      "description" : "The type of link between this patient resource and another patient resource.",
      "systems" : ["http://hl7.org/fhir/link-type"],
      "oids" : ["2.16.840.1.113883.4.642.3.423"],
      "sources" : ["2.16.840.1.113883.4.642.3.423"],
      "uses" : {
      },
      "StructureDefinition-CPDPatient.html" : "CPDPatient"
    },
    {
      "url" : "http://hl7.org/fhir/ValueSet/marital-status",
      "version" : "4.0.1",
      "status" : "active",
      "name" : "Marital Status Codes",
      "title" : "MaritalStatus",
      "description" : "This value set defines the set of codes that can be used to indicate the marital status of a person.",
      "systems" : [
        "http://terminology.hl7.org/CodeSystem/v3-MaritalStatus",
        "http://terminology.hl7.org/CodeSystem/v3-NullFlavor"
      ],
      "oids" : ["2.16.840.1.113883.4.642.3.29"],
      "sources" : ["2.16.840.1.113883.4.642.3.29"],
      "uses" : {
      },
      "StructureDefinition-CPDPatient.html" : "CPDPatient"
    },
    {
      "url" : "http://hl7.org/fhir/ValueSet/patient-contactrelationship",
      "version" : "4.0.1",
      "status" : "active",
      "name" : "PatientContactRelationship",
      "title" : "Patient Contact Relationship ",
      "description" : "The nature of the relationship between the patient and the contact person.",
      "systems" : ["http://terminology.hl7.org/CodeSystem/v2-0131"],
      "oids" : ["2.16.840.1.113883.4.642.3.1130"],
      "sources" : ["2.16.840.1.113883.4.642.3.1130"],
      "uses" : {
      },
      "StructureDefinition-CPDPatient.html" : "CPDPatient"
    }
  ]
}
