<?xml version="1.0" encoding="UTF-8"?>

<CodeSystem xmlns="http://hl7.org/fhir">
  <id value="activity-completion-status-cs"/>
  <text>
    <status value="generated"/><div xmlns="http://www.w3.org/1999/xhtml"><p class="res-header-id"><b>Generated Narrative: CodeSystem activity-completion-status-cs</b></p><a name="activity-completion-status-cs"> </a><a name="hcactivity-completion-status-cs"> </a><p>This case-sensitive code system <code>http://hl7.org/dam/CodeSystem/activity-completion-status-cs</code> defines the following codes:</p><table class="codes"><tr><td style="white-space:nowrap"><b>Code</b></td><td><b>Display</b></td><td><b>Definition</b></td></tr><tr><td style="white-space:nowrap">not-started<a name="activity-completion-status-cs-not-started"> </a></td><td>Not Started</td><td>Activity has not started</td></tr><tr><td style="white-space:nowrap">cancelled<a name="activity-completion-status-cs-cancelled"> </a></td><td>Cancelled</td><td>Activity was cancelled</td></tr><tr><td style="white-space:nowrap">in-process<a name="activity-completion-status-cs-in-process"> </a></td><td>In Process</td><td>Activity is in process</td></tr><tr><td style="white-space:nowrap">stopped<a name="activity-completion-status-cs-stopped"> </a></td><td>Stopped</td><td>Activity was stopped before completion</td></tr><tr><td style="white-space:nowrap">completed<a name="activity-completion-status-cs-completed"> </a></td><td>Completed</td><td>Activity was completed</td></tr></table></div>
  </text>
  <url value="http://hl7.org/dam/CodeSystem/activity-completion-status-cs"/>
  <version value="0.1.0"/>
  <name value="ActivityCompletionStatusCS"/>
  <title value="Activity Completion Status Code System"/>
  <status value="active"/>
  <date value="2026-01-29T10:40:38-05:00"/>
  <publisher value="Patient Care WG"/>
  <contact>
    <name value="Patient Care WG"/>
    <telecom>
      <system value="url"/>
      <value value="https://www.hl7.org/Special/committees/patientcare"/>
    </telecom>
  </contact>
  <description value="Codes for activity completion status"/>
  <caseSensitive value="true"/>
  <content value="complete"/>
  <count value="5"/>
  <concept>
    <code value="not-started"/>
    <display value="Not Started"/>
    <definition value="Activity has not started"/>
  </concept>
  <concept>
    <code value="cancelled"/>
    <display value="Cancelled"/>
    <definition value="Activity was cancelled"/>
  </concept>
  <concept>
    <code value="in-process"/>
    <display value="In Process"/>
    <definition value="Activity is in process"/>
  </concept>
  <concept>
    <code value="stopped"/>
    <display value="Stopped"/>
    <definition value="Activity was stopped before completion"/>
  </concept>
  <concept>
    <code value="completed"/>
    <display value="Completed"/>
    <definition value="Activity was completed"/>
  </concept>
</CodeSystem>