"Id","Path","Slice Name","Alias(s)","Label","Min","Max","Must Support?","Is Modifier?","Is Summary?","Type(s)","Short","Definition","Comments","Requirements","Default Value","Meaning When Missing","Fixed Value","Pattern","Example","Minimum Value","Maximum Value","Maximum Length","Binding Strength","Binding Description","Binding Value Set","Code","Slicing Discriminator","Slicing Description","Slicing Ordered","Slicing Rules","Base Path","Base Min","Base Max","Condition(s)","Constraint(s)"
"Organization","Organization","","","",0,*,"","","","null {[]} {[]}
","Organization","An organization involved in care delivery","","","","","","","","","",,,,,"",,,,"Base",0,*,"",""
"Organization.name","Organization.name","","","",1,1,"","","","string {[]} {[]}
","Name of the organization","Name of the organization","","","","","","","","","",,,,,"",,,,"Organization.name",1,1,"",""
"Organization.employs","Organization.employs","","","",1,*,"","","","Reference {[]} {[CanonicalType[http://hl7.org/dam/StructureDefinition/CareTeamMember]]}
","Care team members employed","Care team members employed","","","","","","","","","",,,,,"",,,,"Organization.employs",1,*,"",""
"Organization.defines","Organization.defines","","","",0,*,"","","","Reference {[]} {[CanonicalType[http://hl7.org/dam/StructureDefinition/CareTeam]]}
","Care teams defined by this organization","Care teams defined by this organization","","","","","","","","","",,,,,"",,,,"Organization.defines",0,*,"",""
"Organization.owns","Organization.owns","","","",0,*,"","","","Reference {[]} {[CanonicalType[http://hl7.org/dam/StructureDefinition/CarePlanManifestation]]}
","Care plan manifestations owned","Care plan manifestations owned","","","","","","","","","",,,,,"",,,,"Organization.owns",0,*,"",""
