"Id","Path","Slice Name","Alias(s)","Label","Min","Max","Must Support?","Is Modifier?","Is Summary?","Type(s)","Short","Definition","Comments","Requirements","Default Value","Meaning When Missing","Fixed Value","Pattern","Example","Minimum Value","Maximum Value","Maximum Length","Binding Strength","Binding Description","Binding Value Set","Code","Slicing Discriminator","Slicing Description","Slicing Ordered","Slicing Rules","Base Path","Base Min","Base Max","Condition(s)","Constraint(s)"
"AcceptanceReview","AcceptanceReview","","","",0,*,"","","","null {[]} {[]}
","Acceptance Review","A review where acknowledgment decisions are made about plan elements","","","","","","","","","",,,,,"",,,,"Base",0,*,"",""
"AcceptanceReview.refersTo","AcceptanceReview.refersTo","","","",1,1,"","","","Reference {[]} {[CanonicalType[http://hl7.org/fhir/StructureDefinition/Patient]]}
","The patient this plan element pertains to","The patient this plan element pertains to","","","","","","","","","",,,,,"",,,,"PlanElement.refersTo",1,1,"",""
"AcceptanceReview.hasAuthor","AcceptanceReview.hasAuthor","","","",1,*,"","","","Reference {[]} {[CanonicalType[http://hl7.org/dam/StructureDefinition/CareTeamMember]]}
","Who authored this plan element","Who authored this plan element","","","","","","","","","",,,,,"",,,,"PlanElement.hasAuthor",1,*,"",""
"AcceptanceReview.contains","AcceptanceReview.contains","","","",0,1,"","","","Reference {[]} {[CanonicalType[http://hl7.org/dam/StructureDefinition/CarePlanManifestation]]}
","The care plan manifestation containing this element","The care plan manifestation containing this element","","","","","","","","","",,,,,"",,,,"PlanElement.contains",0,1,"",""
"AcceptanceReview.review","AcceptanceReview.review","","","",1,1,"","","","http://hl7.org/dam/StructureDefinition/Review {[]} {[]}
","Review pattern properties","Review pattern properties","","","","","","","","","",,,,,"",,,,"AcceptanceReview.review",1,1,"",""
"AcceptanceReview.decision","AcceptanceReview.decision","","","",1,1,"","","","code {[]} {[]}
","The acknowledgment decision","The acknowledgment decision","","","","","","","","","",,"required","","http://hl7.org/dam/ValueSet/acknowledgement-vs","",,,,"AcceptanceReview.decision",1,1,"",""
"AcceptanceReview.mode","AcceptanceReview.mode","","","",1,1,"","","","code {[]} {[]}
","How the decision was made","How the decision was made","","","","","","","","","",,"required","","http://hl7.org/dam/ValueSet/decision-mode-vs","",,,,"AcceptanceReview.mode",1,1,"",""
"AcceptanceReview.trigger","AcceptanceReview.trigger","","","",1,1,"","","","code {[]} {[]}
","What triggered this review","What triggered this review","","","","","","","","","",,"required","","http://hl7.org/dam/ValueSet/review-event-vs","",,,,"AcceptanceReview.trigger",1,1,"",""
"AcceptanceReview.reviews","AcceptanceReview.reviews","","","",1,*,"","","","Reference {[]} {[CanonicalType[http://hl7.org/dam/StructureDefinition/Acknowledgeable]]}
","Elements being reviewed","Elements being reviewed","","","","","","","","","",,,,,"",,,,"AcceptanceReview.reviews",1,*,"",""
