"Id","Path","Slice Name","Alias(s)","Label","Min","Max","Must Support?","Is Modifier?","Is Summary?","Type(s)","Short","Definition","Comments","Requirements","Default Value","Meaning When Missing","Fixed Value","Pattern","Example","Minimum Value","Maximum Value","Maximum Length","Binding Strength","Binding Description","Binding Value Set","Code","Slicing Discriminator","Slicing Description","Slicing Ordered","Slicing Rules","Base Path","Base Min","Base Max","Condition(s)","Constraint(s)"
"Guideline","Guideline","","","",0,*,"","","","null {[]} {[]}
","Guideline","A clinical guideline that informs the care plan","","","","","","","","","",,,,,"",,,,"Base",0,*,"",""
"Guideline.refersTo","Guideline.refersTo","","","",1,1,"","","","Reference {[]} {[CanonicalType[http://hl7.org/fhir/StructureDefinition/Patient]]}
","The patient this plan element pertains to","The patient this plan element pertains to","","","","","","","","","",,,,,"",,,,"PlanElement.refersTo",1,1,"",""
"Guideline.hasAuthor","Guideline.hasAuthor","","","",1,*,"","","","Reference {[]} {[CanonicalType[http://hl7.org/dam/StructureDefinition/CareTeamMember]]}
","Who authored this plan element","Who authored this plan element","","","","","","","","","",,,,,"",,,,"PlanElement.hasAuthor",1,*,"",""
"Guideline.contains","Guideline.contains","","","",0,1,"","","","Reference {[]} {[CanonicalType[http://hl7.org/dam/StructureDefinition/CarePlanManifestation]]}
","The care plan manifestation containing this element","The care plan manifestation containing this element","","","","","","","","","",,,,,"",,,,"PlanElement.contains",0,1,"",""
"Guideline.name","Guideline.name","","","",1,1,"","","","string {[]} {[]}
","Name of the guideline","Name of the guideline","","","","","","","","","",,,,,"",,,,"Guideline.name",1,1,"",""
"Guideline.date","Guideline.date","","","",1,1,"","","","date {[]} {[]}
","Publication date of the guideline","Publication date of the guideline","","","","","","","","","",,,,,"",,,,"Guideline.date",1,1,"",""
"Guideline.locator","Guideline.locator","","","",1,1,"","","","url {[]} {[]}
","URL or reference to the guideline","URL or reference to the guideline","","","","","","","","","",,,,,"",,,,"Guideline.locator",1,1,"",""
"Guideline.addresses","Guideline.addresses","","","",1,*,"","","","Reference {[]} {[CanonicalType[http://hl7.org/dam/StructureDefinition/Concern]]}
","Concerns addressed by this guideline","Concerns addressed by this guideline","","","","","","","","","",,,,,"",,,,"Guideline.addresses",1,*,"",""
