"Id","Path","Slice Name","Alias(s)","Label","Min","Max","Must Support?","Is Modifier?","Is Summary?","Type(s)","Short","Definition","Comments","Requirements","Default Value","Meaning When Missing","Fixed Value","Pattern","Example","Minimum Value","Maximum Value","Maximum Length","Binding Strength","Binding Description","Binding Value Set","Code","Slicing Discriminator","Slicing Description","Slicing Ordered","Slicing Rules","Base Path","Base Min","Base Max","Condition(s)","Constraint(s)"
"CareTeam","CareTeam","","","",0,*,"","","","null {[]} {[]}
","Care Team","A team of individuals involved in the patient's care. For more details, consult the Care Team Domain Analysis Model.","","","","","","","","","",,,,,"",,,,"Base",0,*,"",""
"CareTeam.refersTo","CareTeam.refersTo","","","",1,1,"","","","Reference {[]} {[CanonicalType[http://hl7.org/fhir/StructureDefinition/Patient]]}
","The patient this plan element pertains to","The patient this plan element pertains to","","","","","","","","","",,,,,"",,,,"PlanElement.refersTo",1,1,"",""
"CareTeam.hasAuthor","CareTeam.hasAuthor","","","",1,*,"","","","Reference {[]} {[CanonicalType[http://hl7.org/dam/StructureDefinition/CareTeamMember]]}
","Who authored this plan element","Who authored this plan element","","","","","","","","","",,,,,"",,,,"PlanElement.hasAuthor",1,*,"",""
"CareTeam.contains","CareTeam.contains","","","",0,1,"","","","Reference {[]} {[CanonicalType[http://hl7.org/dam/StructureDefinition/CarePlanManifestation]]}
","The care plan manifestation containing this element","The care plan manifestation containing this element","","","","","","","","","",,,,,"",,,,"PlanElement.contains",0,1,"",""
"CareTeam.acknowledgeable","CareTeam.acknowledgeable","","","",1,1,"","","","http://hl7.org/dam/StructureDefinition/Acknowledgeable {[]} {[]}
","Acknowledgeable pattern properties","Acknowledgeable pattern properties","","","","","","","","","",,,,,"",,,,"CareTeam.acknowledgeable",1,1,"",""
"CareTeam.name","CareTeam.name","","","",1,1,"","","","string {[]} {[]}
","Name of the care team","Name of the care team","","","","","","","","","",,,,,"",,,,"CareTeam.name",1,1,"",""
