{"resourceType":"CodeSystem","id":"careplan-status-cs","text":{"status":"generated","div":"<div xmlns=\"http://www.w3.org/1999/xhtml\"><p class=\"res-header-id\"><b>Generated Narrative: CodeSystem careplan-status-cs</b></p><a name=\"careplan-status-cs\"> </a><a name=\"hccareplan-status-cs\"> </a><p>This  code system <code>http://hl7.org/dam/CodeSystem/careplan-status-cs</code> defines the following codes:</p><table class=\"codes\"><tr><td style=\"white-space:nowrap\"><b>Code</b></td><td><b>Display</b></td></tr><tr><td style=\"white-space:nowrap\">proposed<a name=\"careplan-status-cs-proposed\"> </a></td><td>Proposed</td></tr><tr><td style=\"white-space:nowrap\">in-progress<a name=\"careplan-status-cs-in-progress\"> </a></td><td>In Progress</td></tr><tr><td style=\"white-space:nowrap\">completed<a name=\"careplan-status-cs-completed\"> </a></td><td>Completed</td></tr><tr><td style=\"white-space:nowrap\">on-hold<a name=\"careplan-status-cs-on-hold\"> </a></td><td>On Hold</td></tr><tr><td style=\"white-space:nowrap\">aborted<a name=\"careplan-status-cs-aborted\"> </a></td><td>Aborted</td></tr><tr><td style=\"white-space:nowrap\">cancelled<a name=\"careplan-status-cs-cancelled\"> </a></td><td>Cancelled</td></tr><tr><td style=\"white-space:nowrap\">snapshot<a name=\"careplan-status-cs-snapshot\"> </a></td><td>Snapshot</td></tr></table></div>"},"url":"http://hl7.org/dam/CodeSystem/careplan-status-cs","version":"0.1.0","name":"CarePlanStatusCS","title":"Care Plan Status","status":"draft","date":"2025-10-03T17:37:02-04:00","publisher":"Patient Care WG","contact":[{"name":"Patient Care WG","telecom":[{"system":"url","value":"https://www.hl7.org/Special/committees/patientcare"}]}],"description":"Statuses for care plans","content":"complete","count":7,"concept":[{"code":"proposed","display":"Proposed"},{"code":"in-progress","display":"In Progress"},{"code":"completed","display":"Completed"},{"code":"on-hold","display":"On Hold"},{"code":"aborted","display":"Aborted"},{"code":"cancelled","display":"Cancelled"},{"code":"snapshot","display":"Snapshot"}]}